state,district,bio_age_5_17,bio_age_17_,total,category
Andaman And Nicobar Islands,Andamans,343,1672,2015,Low Volume Area
Andaman And Nicobar Islands,Nicobar,992,819,1811,Low Volume Area
Andaman And Nicobar Islands,Nicobars,1,1,2,Low Volume Area
Andaman And Nicobar Islands,North And Middle Andaman,3780,2603,6383,Low Volume Area
Andaman And Nicobar Islands,South Andaman,6690,3797,10487,Low Volume Area
Andhra Pradesh,Adilabad,12208,39830,52038,Standard Activity
Andhra Pradesh,Alluri Sitharama Raju,8438,10169,18607,Low Volume Area
Andhra Pradesh,Anakapalli,3542,3181,6723,Low Volume Area
Andhra Pradesh,Anantapur,35834,57731,93565,Standard Activity
Andhra Pradesh,Ananthapur,64082,20050,84132,Standard Activity
Andhra Pradesh,Ananthapuramu,90533,19069,109602,Standard Activity
Andhra Pradesh,Annamayya,5790,3922,9712,Low Volume Area
Andhra Pradesh,Bapatla,3899,2083,5982,Low Volume Area
Andhra Pradesh,Chittoor,168727,82711,251438,Mega Hub (Top 20%)
Andhra Pradesh,Cuddapah,115127,55669,170796,Mega Hub (Top 20%)
Andhra Pradesh,Dr B R Ambedkar Konaseema,4352,2954,7306,Low Volume Area
Andhra Pradesh,East Godavari,204904,96946,301850,Mega Hub (Top 20%)
Andhra Pradesh,Eluru,4288,3942,8230,Low Volume Area
Andhra Pradesh,Guntur,187665,104029,291694,Mega Hub (Top 20%)
Andhra Pradesh,Hyderabad,23363,82381,105744,Standard Activity
Andhra Pradesh,Kakinada,7141,4557,11698,Low Volume Area
Andhra Pradesh,Karim Nagar,387,1310,1697,Low Volume Area
Andhra Pradesh,Karimnagar,4338,12789,17127,Low Volume Area
Andhra Pradesh,Khammam,15536,25422,40958,Standard Activity
Andhra Pradesh,Krishna,146788,86459,233247,Mega Hub (Top 20%)
Andhra Pradesh,Kurnool,242992,107641,350633,Mega Hub (Top 20%)
Andhra Pradesh,Kv Rangareddy,216,188,404,Low Volume Area
Andhra Pradesh,Kvrangareddy,168,605,773,Low Volume Area
Andhra Pradesh,Mahabub Nagar,822,13030,13852,Low Volume Area
Andhra Pradesh,Mahabubnagar,39,81,120,Low Volume Area
Andhra Pradesh,Mahbubnagar,3060,11679,14739,Low Volume Area
Andhra Pradesh,Medak,6281,16164,22445,Low Volume Area
Andhra Pradesh,N T R,6788,6771,13559,Low Volume Area
Andhra Pradesh,Nalgonda,5640,27013,32653,Standard Activity
Andhra Pradesh,Nandyal,6337,4303,10640,Low Volume Area
Andhra Pradesh,Nellore,99065,59412,158477,Mega Hub (Top 20%)
Andhra Pradesh,Nizamabad,3452,7527,10979,Low Volume Area
Andhra Pradesh,Palnadu,6007,4046,10053,Low Volume Area
Andhra Pradesh,Parvathipuram Manyam,5090,5540,10630,Low Volume Area
Andhra Pradesh,Prakasam,136533,75766,212299,Mega Hub (Top 20%)
Andhra Pradesh,Rangareddi,13263,41332,54595,Standard Activity
Andhra Pradesh,Sri Potti Sriramulu Nellore,6668,3467,10135,Low Volume Area
Andhra Pradesh,Sri Sathya Sai,5704,4711,10415,Low Volume Area
Andhra Pradesh,Srikakulam,125178,67429,192607,Mega Hub (Top 20%)
Andhra Pradesh,Tirupati,5633,4765,10398,Low Volume Area
Andhra Pradesh,Visakhapatnam,195385,115918,311303,Mega Hub (Top 20%)
Andhra Pradesh,Vizianagaram,101296,58702,159998,Mega Hub (Top 20%)
Andhra Pradesh,Warangal,13746,38012,51758,Standard Activity
Andhra Pradesh,West Godavari,139979,80435,220414,Mega Hub (Top 20%)
Andhra Pradesh,Y S R,5183,3425,8608,Low Volume Area
Arunachal Pradesh,Anjaw,675,496,1171,Low Volume Area
Arunachal Pradesh,Changlang,5436,2747,8183,Low Volume Area
Arunachal Pradesh,Dibang Valley,313,158,471,Low Volume Area
Arunachal Pradesh,East Kameng,2690,1607,4297,Low Volume Area
Arunachal Pradesh,East Siang,2242,1079,3321,Low Volume Area
Arunachal Pradesh,Kamle,57,86,143,Low Volume Area
Arunachal Pradesh,Kra Daadi,717,523,1240,Low Volume Area
Arunachal Pradesh,Kurung Kumey,1299,2091,3390,Low Volume Area
Arunachal Pradesh,Leparada,34,2,36,Low Volume Area
Arunachal Pradesh,Lohit,1796,2095,3891,Low Volume Area
Arunachal Pradesh,Longding,1611,988,2599,Low Volume Area
Arunachal Pradesh,Lower Dibang Valley,1373,875,2248,Low Volume Area
Arunachal Pradesh,Lower Siang,359,54,413,Low Volume Area
Arunachal Pradesh,Lower Subansiri,1530,1150,2680,Low Volume Area
Arunachal Pradesh,Namsai,3561,2442,6003,Low Volume Area
Arunachal Pradesh,Pakke Kessang,30,44,74,Low Volume Area
Arunachal Pradesh,Papum Pare,4835,4424,9259,Low Volume Area
Arunachal Pradesh,Shiyomi,210,319,529,Low Volume Area
Arunachal Pradesh,Siang,880,429,1309,Low Volume Area
Arunachal Pradesh,Tawang,1866,598,2464,Low Volume Area
Arunachal Pradesh,Tirap,1371,522,1893,Low Volume Area
Arunachal Pradesh,Upper Siang,1235,561,1796,Low Volume Area
Arunachal Pradesh,Upper Subansiri,2462,1704,4166,Low Volume Area
Arunachal Pradesh,West Kameng,2967,3205,6172,Low Volume Area
Arunachal Pradesh,West Siang,3345,1301,4646,Low Volume Area
Assam,Bajali,6,17,23,Low Volume Area
Assam,Baksa,11602,5853,17455,Low Volume Area
Assam,Barpeta,66392,29029,95421,Standard Activity
Assam,Biswanath,6159,3389,9548,Low Volume Area
Assam,Bongaigaon,24633,11975,36608,Standard Activity
Assam,Cachar,42167,23978,66145,Standard Activity
Assam,Charaideo,6096,2197,8293,Low Volume Area
Assam,Chirang,18078,9009,27087,Low Volume Area
Assam,Darrang,16240,10025,26265,Low Volume Area
Assam,Dhemaji,12494,8236,20730,Low Volume Area
Assam,Dhubri,40373,19102,59475,Standard Activity
Assam,Dibrugarh,14970,11765,26735,Low Volume Area
Assam,Dima Hasao,11,14,25,Low Volume Area
Assam,Goalpara,17021,10603,27624,Low Volume Area
Assam,Golaghat,12369,7785,20154,Low Volume Area
Assam,Hailakandi,14201,6922,21123,Low Volume Area
Assam,Hojai,15271,13731,29002,Low Volume Area
Assam,Jorhat,10704,5575,16279,Low Volume Area
Assam,Kamrup,30056,13196,43252,Standard Activity
Assam,Kamrup Metro,14584,12178,26762,Low Volume Area
Assam,Karbi Anglong,25507,13699,39206,Standard Activity
Assam,Karimganj,24232,11414,35646,Standard Activity
Assam,Kokrajhar,18300,10559,28859,Low Volume Area
Assam,Lakhimpur,17189,12583,29772,Low Volume Area
Assam,Majuli,2139,1243,3382,Low Volume Area
Assam,Marigaon,19361,14575,33936,Standard Activity
Assam,Nagaon,44214,73665,117879,Standard Activity
Assam,Nalbari,14657,5594,20251,Low Volume Area
Assam,North Cachar Hills,2782,1242,4024,Low Volume Area
Assam,Sibsagar,8287,3093,11380,Low Volume Area
Assam,Sonitpur,17454,12663,30117,Low Volume Area
Assam,South Salmara Mankachar,2855,1993,4848,Low Volume Area
Assam,Sribhumi,42,315,357,Low Volume Area
Assam,Tamulpur District,17,53,70,Low Volume Area
Assam,Tinsukia,12082,7167,19249,Low Volume Area
Assam,Udalguri,12995,9353,22348,Low Volume Area
Assam,West Karbi Anglong,1084,2308,3392,Low Volume Area
Bihar,Araria,72533,82911,155444,Mega Hub (Top 20%)
Bihar,Arwal,12094,18610,30704,Standard Activity
Bihar,Aurangabad,46556,49874,96430,Standard Activity
Bihar,Aurangabadbh,35,197,232,Low Volume Area
Bihar,Banka,49854,48373,98227,Standard Activity
Bihar,Begusarai,72549,74659,147208,Mega Hub (Top 20%)
Bihar,Bhabua,4,29,33,Low Volume Area
Bihar,Bhagalpur,72409,75905,148314,Mega Hub (Top 20%)
Bihar,Bhojpur,39485,57511,96996,Standard Activity
Bihar,Buxar,24831,32197,57028,Standard Activity
Bihar,Darbhanga,93323,117057,210380,Mega Hub (Top 20%)
Bihar,East Champaran,95935,116199,212134,Mega Hub (Top 20%)
Bihar,Gaya,85898,99274,185172,Mega Hub (Top 20%)
Bihar,Gopalganj,46818,56666,103484,Standard Activity
Bihar,Jamui,46558,35599,82157,Standard Activity
Bihar,Jehanabad,15681,21749,37430,Standard Activity
Bihar,Kaimur Bhabua,37550,40607,78157,Standard Activity
Bihar,Katihar,98243,119037,217280,Mega Hub (Top 20%)
Bihar,Khagaria,39283,40621,79904,Standard Activity
Bihar,Kishanganj,57815,83464,141279,Mega Hub (Top 20%)
Bihar,Lakhisarai,22610,26887,49497,Standard Activity
Bihar,Madhepura,51666,65571,117237,Standard Activity
Bihar,Madhubani,110514,127621,238135,Mega Hub (Top 20%)
Bihar,Monghyr,5,94,99,Low Volume Area
Bihar,Munger,21620,28851,50471,Standard Activity
Bihar,Muzaffarpur,93075,115469,208544,Mega Hub (Top 20%)
Bihar,Nalanda,51140,66262,117402,Standard Activity
Bihar,Nawada,38447,47798,86245,Standard Activity
Bihar,Pashchim Champaran,40,313,353,Low Volume Area
Bihar,Patna,93322,115692,209014,Mega Hub (Top 20%)
Bihar,Purba Champaran,27,237,264,Low Volume Area
Bihar,Purnea,1027,3927,4954,Low Volume Area
Bihar,Purnia,106033,122518,228551,Mega Hub (Top 20%)
Bihar,Rohtas,50054,61656,111710,Standard Activity
Bihar,Saharsa,42412,77454,119866,Standard Activity
Bihar,Samastipur,93161,107004,200165,Mega Hub (Top 20%)
Bihar,Samstipur,13,182,195,Low Volume Area
Bihar,Saran,63026,85477,148503,Mega Hub (Top 20%)
Bihar,Sheikhpura,16884,23539,40423,Standard Activity
Bihar,Sheikpura,5,128,133,Low Volume Area
Bihar,Sheohar,12986,19696,32682,Standard Activity
Bihar,Sitamarhi,84925,97075,182000,Mega Hub (Top 20%)
Bihar,Siwan,52907,72897,125804,Standard Activity
Bihar,Supaul,47023,65347,112370,Standard Activity
Bihar,Vaishali,72298,95862,168160,Mega Hub (Top 20%)
Bihar,West Champaran,75467,91350,166817,Mega Hub (Top 20%)
Chandigarh,Chandigarh,49166,25296,74462,Standard Activity
Chandigarh,Mohali,2,4,6,Low Volume Area
Chandigarh,Rupnagar,3,11,14,Low Volume Area
Chhattisgarh,Balod,26841,54374,81215,Standard Activity
Chhattisgarh,Baloda Bazar,53691,87056,140747,Mega Hub (Top 20%)
Chhattisgarh,Balrampur,20113,32130,52243,Standard Activity
Chhattisgarh,Bastar,27648,66736,94384,Standard Activity
Chhattisgarh,Bemetara,34486,77224,111710,Standard Activity
Chhattisgarh,Bijapur,10757,17127,27884,Low Volume Area
Chhattisgarh,Bilaspur,67405,127632,195037,Mega Hub (Top 20%)
Chhattisgarh,Dakshin Bastar Dantewada,8064,19147,27211,Low Volume Area
Chhattisgarh,Dantewada,5327,13601,18928,Low Volume Area
Chhattisgarh,Dhamtari,26826,63452,90278,Standard Activity
Chhattisgarh,Durg,76883,102968,179851,Mega Hub (Top 20%)
Chhattisgarh,Gariyaband,16883,35205,52088,Standard Activity
Chhattisgarh,Gaurelapendramarwahi,679,1610,2289,Low Volume Area
Chhattisgarh,Janjgir  Champa,5,195,200,Low Volume Area
Chhattisgarh,Janjgir Champa,21,171,192,Low Volume Area
Chhattisgarh,Janjgirchampa,51955,128699,180654,Mega Hub (Top 20%)
Chhattisgarh,Jashpur,30250,44353,74603,Standard Activity
Chhattisgarh,Kabeerdham,16628,15889,32517,Standard Activity
Chhattisgarh,Kanker,19607,33602,53209,Standard Activity
Chhattisgarh,Kawardha,23941,36850,60791,Standard Activity
Chhattisgarh,Khairagarh Chhuikhadan Gandai,132,903,1035,Low Volume Area
Chhattisgarh,Kondagaon,17291,40055,57346,Standard Activity
Chhattisgarh,Korba,32907,68967,101874,Standard Activity
Chhattisgarh,Koriya,19055,41842,60897,Standard Activity
Chhattisgarh,Mahasamund,30360,69509,99869,Standard Activity
Chhattisgarh,Manendragarhchirmiribharatpur,90,503,593,Low Volume Area
Chhattisgarh,Mohallamanpurambagarh Chowki,36,31,67,Low Volume Area
Chhattisgarh,Mohlamanpurambagarh Chouki,1060,3535,4595,Low Volume Area
Chhattisgarh,Mungeli,28914,53653,82567,Standard Activity
Chhattisgarh,Narayanpur,7156,15017,22173,Low Volume Area
Chhattisgarh,Raigarh,39625,135001,174626,Mega Hub (Top 20%)
Chhattisgarh,Raipur,59737,132637,192374,Mega Hub (Top 20%)
Chhattisgarh,Rajnandgaon,53657,100841,154498,Mega Hub (Top 20%)
Chhattisgarh,Sakti,644,3380,4024,Low Volume Area
Chhattisgarh,Sarangarhbilaigarh,113,930,1043,Low Volume Area
Chhattisgarh,Sukma,13922,16217,30139,Low Volume Area
Chhattisgarh,Surajpur,24586,47236,71822,Standard Activity
Chhattisgarh,Surguja,30222,52638,82860,Standard Activity
Chhattisgarh,Uttar Bastar Kanker,7038,23263,30301,Low Volume Area
Dadra And Nagar Haveli And Daman And Diu,Dadra  Nagar Haveli,72,481,553,Low Volume Area
Dadra And Nagar Haveli And Daman And Diu,Dadra And Nagar Haveli,11341,17872,29213,Low Volume Area
Dadra And Nagar Haveli And Daman And Diu,Daman,2961,3005,5966,Low Volume Area
Dadra And Nagar Haveli And Daman And Diu,Diu,1988,1548,3536,Low Volume Area
Delhi,Central Delhi,23688,30372,54060,Standard Activity
Delhi,East Delhi,53829,68976,122805,Standard Activity
Delhi,Najafgarh,51,794,845,Low Volume Area
Delhi,New Delhi,2501,2062,4563,Low Volume Area
Delhi,North Delhi,25642,35188,60830,Standard Activity
Delhi,North East,2393,44227,46620,Standard Activity
Delhi,North East Delhi,77278,65818,143096,Mega Hub (Top 20%)
Delhi,North West Delhi,133575,191718,325293,Mega Hub (Top 20%)
Delhi,Shahdara,2658,5305,7963,Low Volume Area
Delhi,South Delhi,96661,126275,222936,Mega Hub (Top 20%)
Delhi,South East Delhi,239,343,582,Low Volume Area
Delhi,South West Delhi,66558,74969,141527,Mega Hub (Top 20%)
Delhi,West Delhi,71164,102078,173242,Mega Hub (Top 20%)
Goa,Bardez,9,31,40,Low Volume Area
Goa,North Goa,18320,19451,37771,Standard Activity
Goa,South Goa,15915,14669,30584,Standard Activity
Goa,Tiswadi,0,2,2,Low Volume Area
Gujarat,Ahmadabad,958,14724,15682,Low Volume Area
Gujarat,Ahmedabad,165891,239599,405490,Mega Hub (Top 20%)
Gujarat,Amreli,33978,34536,68514,Standard Activity
Gujarat,Anand,50966,62729,113695,Standard Activity
Gujarat,Arvalli,19089,10580,29669,Low Volume Area
Gujarat,Banas Kantha,59,488,547,Low Volume Area
Gujarat,Banaskantha,74015,77742,151757,Mega Hub (Top 20%)
Gujarat,Bharuch,38361,38017,76378,Standard Activity
Gujarat,Bhavnagar,65784,75368,141152,Mega Hub (Top 20%)
Gujarat,Botad,10356,5900,16256,Low Volume Area
Gujarat,Chhotaudepur,18603,15199,33802,Standard Activity
Gujarat,Dahod,60236,55439,115675,Standard Activity
Gujarat,Devbhumi Dwarka,17817,7647,25464,Low Volume Area
Gujarat,Dohad,2168,13548,15716,Low Volume Area
Gujarat,Gandhinagar,33686,42878,76564,Standard Activity
Gujarat,Gir Somnath,23900,12866,36766,Standard Activity
Gujarat,Jamnagar,40890,40212,81102,Standard Activity
Gujarat,Junagadh,33995,68677,102672,Standard Activity
Gujarat,Kachchh,67370,56591,123961,Standard Activity
Gujarat,Kheda,49735,67426,117161,Standard Activity
Gujarat,Mahesana,42954,56959,99913,Standard Activity
Gujarat,Mahisagar,18042,12910,30952,Standard Activity
Gujarat,Morbi,21440,10439,31879,Standard Activity
Gujarat,Narmada,15333,23865,39198,Standard Activity
Gujarat,Navsari,24168,21384,45552,Standard Activity
Gujarat,Panch Mahals,22,305,327,Low Volume Area
Gujarat,Panchmahals,39189,65579,104768,Standard Activity
Gujarat,Patan,35135,38814,73949,Standard Activity
Gujarat,Porbandar,14257,16728,30985,Standard Activity
Gujarat,Rajkot,79522,89189,168711,Mega Hub (Top 20%)
Gujarat,Sabar Kantha,59,558,617,Low Volume Area
Gujarat,Sabarkantha,37100,53287,90387,Standard Activity
Gujarat,Surat,138828,142771,281599,Mega Hub (Top 20%)
Gujarat,Surendra Nagar,44699,51012,95711,Standard Activity
Gujarat,Surendranagar,46,481,527,Low Volume Area
Gujarat,Tapi,16731,23294,40025,Standard Activity
Gujarat,The Dangs,12787,15163,27950,Low Volume Area
Gujarat,Vadodara,72719,128698,201417,Mega Hub (Top 20%)
Gujarat,Valsad,39767,44257,84024,Standard Activity
Haryana,Akhera,0,1,1,Low Volume Area
Haryana,Ambala,26591,46165,72756,Standard Activity
Haryana,Bhiwani,37865,57760,95625,Standard Activity
Haryana,Charkhi Dadri,3023,6765,9788,Low Volume Area
Haryana,Faridabad,58976,59975,118951,Standard Activity
Haryana,Fatehabad,29864,39930,69794,Standard Activity
Haryana,Gurgaon,35245,35546,70791,Standard Activity
Haryana,Hisar,53323,62544,115867,Standard Activity
Haryana,Jhajjar,24917,31722,56639,Standard Activity
Haryana,Jind,34877,56391,91268,Standard Activity
Haryana,Kaithal,34402,45534,79936,Standard Activity
Haryana,Karnal,32424,61595,94019,Standard Activity
Haryana,Kurukshetra,23358,46634,69992,Standard Activity
Haryana,Mahendragarh,20501,28331,48832,Standard Activity
Haryana,Mewat,38268,30057,68325,Standard Activity
Haryana,Palwal,30617,28080,58697,Standard Activity
Haryana,Panchkula,18303,19066,37369,Standard Activity
Haryana,Panipat,31426,48347,79773,Standard Activity
Haryana,Rewari,24987,24745,49732,Standard Activity
Haryana,Rohtak,25700,50270,75970,Standard Activity
Haryana,Sirsa,40642,56424,97066,Standard Activity
Haryana,Sonipat,34624,50029,84653,Standard Activity
Haryana,Yamuna Nagar,33592,55136,88728,Standard Activity
Haryana,Yamunanagar,142,740,882,Low Volume Area
Himachal Pradesh,Bilaspur,9673,12233,21906,Low Volume Area
Himachal Pradesh,Chamba,16275,17567,33842,Standard Activity
Himachal Pradesh,Hamirpur,11206,12613,23819,Low Volume Area
Himachal Pradesh,Kangra,44703,45210,89913,Standard Activity
Himachal Pradesh,Kinnaur,2221,2246,4467,Low Volume Area
Himachal Pradesh,Kullu,11409,9839,21248,Low Volume Area
Himachal Pradesh,Lahaul And Spiti,15,32,47,Low Volume Area
Himachal Pradesh,Lahul  Spiti,110,485,595,Low Volume Area
Himachal Pradesh,Lahul And Spiti,557,208,765,Low Volume Area
Himachal Pradesh,Mandi,28869,34465,63334,Standard Activity
Himachal Pradesh,Shimla,19863,19864,39727,Standard Activity
Himachal Pradesh,Sirmaur,15275,16178,31453,Standard Activity
Himachal Pradesh,Solan,16252,17317,33569,Standard Activity
Himachal Pradesh,Una,15138,16411,31549,Standard Activity
Jammu And Kashmir,,0,1,1,Low Volume Area
Jammu And Kashmir,Anantnag,26948,20621,47569,Standard Activity
Jammu And Kashmir,Badgam,4702,9439,14141,Low Volume Area
Jammu And Kashmir,Bandipore,10653,9720,20373,Low Volume Area
Jammu And Kashmir,Bandipur,0,1,1,Low Volume Area
Jammu And Kashmir,Baramula,28536,33399,61935,Standard Activity
Jammu And Kashmir,Budgam,18502,4609,23111,Low Volume Area
Jammu And Kashmir,Doda,19429,17350,36779,Standard Activity
Jammu And Kashmir,Ganderbal,7268,6428,13696,Low Volume Area
Jammu And Kashmir,Jammu,45899,52900,98799,Standard Activity
Jammu And Kashmir,Kargil,1848,1075,2923,Low Volume Area
Jammu And Kashmir,Kathua,23083,17080,40163,Standard Activity
Jammu And Kashmir,Kishtwar,10878,10042,20920,Low Volume Area
Jammu And Kashmir,Kulgam,14367,11377,25744,Low Volume Area
Jammu And Kashmir,Kupwara,24776,24984,49760,Standard Activity
Jammu And Kashmir,Leh,1641,923,2564,Low Volume Area
Jammu And Kashmir,Leh Ladakh,9,2,11,Low Volume Area
Jammu And Kashmir,Poonch,1,0,1,Low Volume Area
Jammu And Kashmir,Pulwama,20583,12249,32832,Standard Activity
Jammu And Kashmir,Punch,25884,20491,46375,Standard Activity
Jammu And Kashmir,Rajauri,2,10,12,Low Volume Area
Jammu And Kashmir,Rajouri,29902,25834,55736,Standard Activity
Jammu And Kashmir,Ramban,21848,8029,29877,Low Volume Area
Jammu And Kashmir,Reasi,12538,10702,23240,Low Volume Area
Jammu And Kashmir,Samba,6837,4388,11225,Low Volume Area
Jammu And Kashmir,Shupiyan,9253,6276,15529,Low Volume Area
Jammu And Kashmir,Srinagar,32592,40252,72844,Standard Activity
Jammu And Kashmir,Udhampur,22370,23116,45486,Standard Activity
Jharkhand,Bokaro,45932,62500,108432,Standard Activity
Jharkhand,Chatra,32491,35201,67692,Standard Activity
Jharkhand,Deoghar,33194,34232,67426,Standard Activity
Jharkhand,Dhanbad,52546,98523,151069,Mega Hub (Top 20%)
Jharkhand,Dumka,36526,39686,76212,Standard Activity
Jharkhand,East Singhbhum,59424,76682,136106,Mega Hub (Top 20%)
Jharkhand,Garhwa,41950,63092,105042,Standard Activity
Jharkhand,Giridih,53614,56796,110410,Standard Activity
Jharkhand,Godda,44532,36402,80934,Standard Activity
Jharkhand,Gumla,33578,54300,87878,Standard Activity
Jharkhand,Hazaribag,1605,6129,7734,Low Volume Area
Jharkhand,Hazaribagh,38357,36575,74932,Standard Activity
Jharkhand,Jamtara,17787,21854,39641,Standard Activity
Jharkhand,Khunti,15296,27659,42955,Standard Activity
Jharkhand,Kodarma,1247,3651,4898,Low Volume Area
Jharkhand,Koderma,17953,20190,38143,Standard Activity
Jharkhand,Latehar,22149,21314,43463,Standard Activity
Jharkhand,Lohardaga,13862,25334,39196,Standard Activity
Jharkhand,Pakaur,1049,1435,2484,Low Volume Area
Jharkhand,Pakur,21113,16174,37287,Standard Activity
Jharkhand,Palamau,496,2138,2634,Low Volume Area
Jharkhand,Palamu,57189,55852,113041,Standard Activity
Jharkhand,Pashchimi Singhbhum,3615,10496,14111,Low Volume Area
Jharkhand,Purbi Singhbhum,3984,16575,20559,Low Volume Area
Jharkhand,Ramgarh,17337,19900,37237,Standard Activity
Jharkhand,Ranchi,61673,116101,177774,Mega Hub (Top 20%)
Jharkhand,Sahebganj,36759,27666,64425,Standard Activity
Jharkhand,Sahibganj,654,1443,2097,Low Volume Area
Jharkhand,Seraikelakharsawan,31898,46690,78588,Standard Activity
Jharkhand,Simdega,20497,42214,62711,Standard Activity
Jharkhand,West Singhbhum,58306,72880,131186,Mega Hub (Top 20%)
Karnataka,Bagalkot,40323,38536,78859,Standard Activity
Karnataka,Ballari,25151,12209,37360,Standard Activity
Karnataka,Bangalore,51767,147212,198979,Mega Hub (Top 20%)
Karnataka,Bangalore Rural,18760,19275,38035,Standard Activity
Karnataka,Belagavi,52855,26146,79001,Standard Activity
Karnataka,Belgaum,44316,66753,111069,Standard Activity
Karnataka,Bellary,29044,39203,68247,Standard Activity
Karnataka,Bengaluru,144086,152989,297075,Mega Hub (Top 20%)
Karnataka,Bengaluru Rural,5,5,10,Low Volume Area
Karnataka,Bengaluru South,23,123,146,Low Volume Area
Karnataka,Bidar,38406,41302,79708,Standard Activity
Karnataka,Bijapur,20574,34536,55110,Standard Activity
Karnataka,Bijapurkar,3,10,13,Low Volume Area
Karnataka,Chamarajanagar,461,1446,1907,Low Volume Area
Karnataka,Chamrajanagar,15916,13049,28965,Low Volume Area
Karnataka,Chamrajnagar,603,1649,2252,Low Volume Area
Karnataka,Chickmagalur,6808,15111,21919,Low Volume Area
Karnataka,Chikkaballapur,21218,20715,41933,Standard Activity
Karnataka,Chikkamagaluru,9401,5775,15176,Low Volume Area
Karnataka,Chikmagalur,201,1184,1385,Low Volume Area
Karnataka,Chitradurga,29756,31471,61227,Standard Activity
Karnataka,Dakshina Kannada,38932,39119,78051,Standard Activity
Karnataka,Davanagere,806,5445,6251,Low Volume Area
Karnataka,Davangere,39870,49562,89432,Standard Activity
Karnataka,Dharwad,41268,46553,87821,Standard Activity
Karnataka,Gadag,23127,18938,42065,Standard Activity
Karnataka,Gulbarga,21236,43229,64465,Standard Activity
Karnataka,Hasan,2167,7515,9682,Low Volume Area
Karnataka,Hassan,27002,20010,47012,Standard Activity
Karnataka,Haveri,34540,35205,69745,Standard Activity
Karnataka,Kalaburagi,45175,24962,70137,Standard Activity
Karnataka,Kodagu,8269,9036,17305,Low Volume Area
Karnataka,Kolar,31388,32895,64283,Standard Activity
Karnataka,Koppal,31753,28059,59812,Standard Activity
Karnataka,Mandya,31387,34392,65779,Standard Activity
Karnataka,Mysore,17825,36693,54518,Standard Activity
Karnataka,Mysuru,32289,22300,54589,Standard Activity
Karnataka,Raichur,53880,56997,110877,Standard Activity
Karnataka,Ramanagar,20055,20867,40922,Standard Activity
Karnataka,Shimoga,7443,19406,26849,Low Volume Area
Karnataka,Shivamogga,21668,11986,33654,Standard Activity
Karnataka,Tumakuru,26620,16941,43561,Standard Activity
Karnataka,Tumkur,20241,44520,64761,Standard Activity
Karnataka,Udupi,20130,14498,34628,Standard Activity
Karnataka,Uttara Kannada,23598,19558,43156,Standard Activity
Karnataka,Vijayanagara,5607,14341,19948,Low Volume Area
Karnataka,Vijayapura,35601,17491,53092,Standard Activity
Karnataka,Yadgir,33445,31738,65183,Standard Activity
Kerala,Alappuzha,34603,53026,87629,Standard Activity
Kerala,Ernakulam,61215,87540,148755,Mega Hub (Top 20%)
Kerala,Idukki,19715,28218,47933,Standard Activity
Kerala,Kannur,49177,70222,119399,Standard Activity
Kerala,Kasaragod,36306,35450,71756,Standard Activity
Kerala,Kasargod,211,1927,2138,Low Volume Area
Kerala,Kollam,50033,77278,127311,Standard Activity
Kerala,Kottayam,30704,47511,78215,Standard Activity
Kerala,Kozhikode,61123,91063,152186,Mega Hub (Top 20%)
Kerala,Malappuram,96696,127313,224009,Mega Hub (Top 20%)
Kerala,Palakkad,61028,98819,159847,Mega Hub (Top 20%)
Kerala,Pathanamthitta,20056,39314,59370,Standard Activity
Kerala,Thiruvananthapuram,55721,93096,148817,Mega Hub (Top 20%)
Kerala,Thrissur,58766,86746,145512,Mega Hub (Top 20%)
Kerala,Wayanad,12585,24268,36853,Standard Activity
Ladakh,Kargil,1711,1231,2942,Low Volume Area
Ladakh,Leh,1098,1723,2821,Low Volume Area
Lakshadweep,Lakshadweep,2226,2594,4820,Low Volume Area
Madhya Pradesh,Agar Malwa,5721,11092,16813,Low Volume Area
Madhya Pradesh,Alirajpur,33490,28643,62133,Standard Activity
Madhya Pradesh,Anuppur,31994,39356,71350,Standard Activity
Madhya Pradesh,Ashok Nagar,44837,29539,74376,Standard Activity
Madhya Pradesh,Balaghat,72713,54049,126762,Standard Activity
Madhya Pradesh,Barwani,78193,65234,143427,Mega Hub (Top 20%)
Madhya Pradesh,Betul,69579,86243,155822,Mega Hub (Top 20%)
Madhya Pradesh,Bhind,51439,31926,83365,Standard Activity
Madhya Pradesh,Bhopal,89809,96629,186438,Mega Hub (Top 20%)
Madhya Pradesh,Burhanpur,33915,40226,74141,Standard Activity
Madhya Pradesh,Chhatarpur,89515,69016,158531,Mega Hub (Top 20%)
Madhya Pradesh,Chhindwara,63350,76841,140191,Mega Hub (Top 20%)
Madhya Pradesh,Damoh,74879,59604,134483,Mega Hub (Top 20%)
Madhya Pradesh,Datia,27648,19386,47034,Standard Activity
Madhya Pradesh,Dewas,56452,63449,119901,Standard Activity
Madhya Pradesh,Dhar,77936,68455,146391,Mega Hub (Top 20%)
Madhya Pradesh,Dindori,33514,27962,61476,Standard Activity
Madhya Pradesh,East Nimar,10364,29999,40363,Standard Activity
Madhya Pradesh,Guna,80661,52225,132886,Mega Hub (Top 20%)
Madhya Pradesh,Gwalior,69790,57330,127120,Standard Activity
Madhya Pradesh,Harda,21083,26858,47941,Standard Activity
Madhya Pradesh,Hoshangabad,45218,51838,97056,Standard Activity
Madhya Pradesh,Indore,108940,112684,221624,Mega Hub (Top 20%)
Madhya Pradesh,Jabalpur,82138,76526,158664,Mega Hub (Top 20%)
Madhya Pradesh,Jhabua,50578,38148,88726,Standard Activity
Madhya Pradesh,Katni,53755,44697,98452,Standard Activity
Madhya Pradesh,Khandwa,36298,22720,59018,Standard Activity
Madhya Pradesh,Khargone,81463,87738,169201,Mega Hub (Top 20%)
Madhya Pradesh,Maihar,196,1325,1521,Low Volume Area
Madhya Pradesh,Mandla,34924,27323,62247,Standard Activity
Madhya Pradesh,Mandsaur,46973,45487,92460,Standard Activity
Madhya Pradesh,Mauganj,83,978,1061,Low Volume Area
Madhya Pradesh,Morena,94466,51093,145559,Mega Hub (Top 20%)
Madhya Pradesh,Narmadapuram,1420,5430,6850,Low Volume Area
Madhya Pradesh,Narsimhapur,2685,7663,10348,Low Volume Area
Madhya Pradesh,Narsinghpur,38006,25111,63117,Standard Activity
Madhya Pradesh,Neemuch,34879,22132,57011,Standard Activity
Madhya Pradesh,Niwari,1194,1101,2295,Low Volume Area
Madhya Pradesh,Pandhurna,78,299,377,Low Volume Area
Madhya Pradesh,Panna,53832,44207,98039,Standard Activity
Madhya Pradesh,Raisen,67598,49050,116648,Standard Activity
Madhya Pradesh,Rajgarh,83066,82163,165229,Mega Hub (Top 20%)
Madhya Pradesh,Ratlam,83610,51337,134947,Mega Hub (Top 20%)
Madhya Pradesh,Rewa,119788,75171,194959,Mega Hub (Top 20%)
Madhya Pradesh,Sagar,112844,79881,192725,Mega Hub (Top 20%)
Madhya Pradesh,Satna,96656,76057,172713,Mega Hub (Top 20%)
Madhya Pradesh,Sehore,54978,63024,118002,Standard Activity
Madhya Pradesh,Seoni,45852,39900,85752,Standard Activity
Madhya Pradesh,Shahdol,45413,49159,94572,Standard Activity
Madhya Pradesh,Shajapur,62880,63761,126641,Standard Activity
Madhya Pradesh,Sheopur,32840,23428,56268,Standard Activity
Madhya Pradesh,Shivpuri,90683,75889,166572,Mega Hub (Top 20%)
Madhya Pradesh,Sidhi,77260,43947,121207,Standard Activity
Madhya Pradesh,Singrauli,76133,32297,108430,Standard Activity
Madhya Pradesh,Tikamgarh,89448,71168,160616,Mega Hub (Top 20%)
Madhya Pradesh,Ujjain,86924,63027,149951,Mega Hub (Top 20%)
Madhya Pradesh,Umaria,19901,19360,39261,Standard Activity
Madhya Pradesh,Vidisha,67687,57203,124890,Standard Activity
Madhya Pradesh,West Nimar,2548,7270,9818,Low Volume Area
Maharashtra,Ahilyanagar,1,16,17,Low Volume Area
Maharashtra,Ahmadnagar,164245,199316,363561,Mega Hub (Top 20%)
Maharashtra,Ahmed Nagar,1602,4237,5839,Low Volume Area
Maharashtra,Akola,53986,131099,185085,Mega Hub (Top 20%)
Maharashtra,Amravati,103569,234714,338283,Mega Hub (Top 20%)
Maharashtra,Aurangabad,110323,201050,311373,Mega Hub (Top 20%)
Maharashtra,Beed,114059,141436,255495,Mega Hub (Top 20%)
Maharashtra,Bhandara,31856,70348,102204,Standard Activity
Maharashtra,Bid,538,9354,9892,Low Volume Area
Maharashtra,Buldana,3169,32568,35737,Standard Activity
Maharashtra,Buldhana,84533,134968,219501,Mega Hub (Top 20%)
Maharashtra,Chandrapur,65688,147946,213634,Mega Hub (Top 20%)
Maharashtra,Chatrapati Sambhaji Nagar,413,1791,2204,Low Volume Area
Maharashtra,Chhatrapati Sambhajinagar,842,4025,4867,Low Volume Area
Maharashtra,Dharashiv,121,522,643,Low Volume Area
Maharashtra,Dhule,72244,125610,197854,Mega Hub (Top 20%)
Maharashtra,Gadchiroli,38590,102075,140665,Mega Hub (Top 20%)
Maharashtra,Gondia,26,839,865,Low Volume Area
Maharashtra,Gondiya,35515,62407,97922,Standard Activity
Maharashtra,Hingoli,45691,71382,117073,Standard Activity
Maharashtra,Jalgaon,148853,268531,417384,Mega Hub (Top 20%)
Maharashtra,Jalna,71820,120872,192692,Mega Hub (Top 20%)
Maharashtra,Kolhapur,118410,152674,271084,Mega Hub (Top 20%)
Maharashtra,Latur,74375,172366,246741,Mega Hub (Top 20%)
Maharashtra,Mumbai,119615,284744,404359,Mega Hub (Top 20%)
Maharashtra,Mumbai City,28377,19194,47571,Standard Activity
Maharashtra,Mumbai Sub Urban,454,4473,4927,Low Volume Area
Maharashtra,Mumbai Suburban,99373,74817,174190,Mega Hub (Top 20%)
Maharashtra,Nagpur,112851,238072,350923,Mega Hub (Top 20%)
Maharashtra,Nanded,124730,217810,342540,Mega Hub (Top 20%)
Maharashtra,Nandurbar,67162,134230,201392,Mega Hub (Top 20%)
Maharashtra,Nashik,213100,363506,576606,Mega Hub (Top 20%)
Maharashtra,Osmanabad,62688,92367,155055,Mega Hub (Top 20%)
Maharashtra,Palghar,91196,66756,157952,Mega Hub (Top 20%)
Maharashtra,Parbhani,77890,106136,184026,Mega Hub (Top 20%)
Maharashtra,Pune,283480,322282,605762,Mega Hub (Top 20%)
Maharashtra,Raigad,4153,9872,14025,Low Volume Area
Maharashtra,Raigarh,74452,82211,156663,Mega Hub (Top 20%)
Maharashtra,Raigarhmh,24,476,500,Low Volume Area
Maharashtra,Ratnagiri,56842,82347,139189,Mega Hub (Top 20%)
Maharashtra,Sangli,94241,128772,223013,Mega Hub (Top 20%)
Maharashtra,Satara,103754,105815,209569,Mega Hub (Top 20%)
Maharashtra,Sindhudurg,21284,27093,48377,Standard Activity
Maharashtra,Solapur,154623,179884,334507,Mega Hub (Top 20%)
Maharashtra,Thane,202896,368377,571273,Mega Hub (Top 20%)
Maharashtra,Wardha,41487,84972,126459,Standard Activity
Maharashtra,Washim,44971,94488,139459,Mega Hub (Top 20%)
Maharashtra,Yavatmal,92600,234587,327187,Mega Hub (Top 20%)
Manipur,Bishnupur,19678,10631,30309,Low Volume Area
Manipur,Chandel,4719,3964,8683,Low Volume Area
Manipur,Churachandpur,11461,7351,18812,Low Volume Area
Manipur,Imphal East,36938,22336,59274,Standard Activity
Manipur,Imphal West,36009,25302,61311,Standard Activity
Manipur,Jiribam,452,1514,1966,Low Volume Area
Manipur,Kakching,1363,684,2047,Low Volume Area
Manipur,Pherzawl,2,0,2,Low Volume Area
Manipur,Senapati,12619,9977,22596,Low Volume Area
Manipur,Tamenglong,4067,3787,7854,Low Volume Area
Manipur,Thoubal,32794,23249,56043,Standard Activity
Manipur,Ukhrul,6363,7327,13690,Low Volume Area
Meghalaya,East Garo Hills,975,1749,2724,Low Volume Area
Meghalaya,East Jaintia Hills,2042,740,2782,Low Volume Area
Meghalaya,East Khasi Hills,8982,12022,21004,Low Volume Area
Meghalaya,Eastern West Khasi Hills,2,6,8,Low Volume Area
Meghalaya,Jaintia Hills,1,7,8,Low Volume Area
Meghalaya,North Garo Hills,816,427,1243,Low Volume Area
Meghalaya,Ri Bhoi,2847,1677,4524,Low Volume Area
Meghalaya,South Garo Hills,584,701,1285,Low Volume Area
Meghalaya,South West Garo Hills,2485,2430,4915,Low Volume Area
Meghalaya,South West Khasi Hills,1894,1538,3432,Low Volume Area
Meghalaya,West Garo Hills,8275,25195,33470,Standard Activity
Meghalaya,West Jaintia Hills,4302,1875,6177,Low Volume Area
Meghalaya,West Khasi Hills,3326,2728,6054,Low Volume Area
Mizoram,Aizawl,26633,11044,37677,Standard Activity
Mizoram,Champhai,11652,4316,15968,Low Volume Area
Mizoram,Hnahthial,10,7,17,Low Volume Area
Mizoram,Khawzawl,6,2,8,Low Volume Area
Mizoram,Kolasib,8032,2899,10931,Low Volume Area
Mizoram,Lawngtlai,8990,4440,13430,Low Volume Area
Mizoram,Lunglei,10249,5040,15289,Low Volume Area
Mizoram,Mamit,8827,1888,10715,Low Volume Area
Mizoram,Mammit,1723,1134,2857,Low Volume Area
Mizoram,Saiha,4477,1279,5756,Low Volume Area
Mizoram,Saitual,37,40,77,Low Volume Area
Mizoram,Serchhip,4895,2709,7604,Low Volume Area
Nagaland,Chumukedima,245,406,651,Low Volume Area
Nagaland,Dimapur,9331,15892,25223,Low Volume Area
Nagaland,Kiphire,1576,2734,4310,Low Volume Area
Nagaland,Kohima,3226,10727,13953,Low Volume Area
Nagaland,Longleng,671,2003,2674,Low Volume Area
Nagaland,Meluri,160,705,865,Low Volume Area
Nagaland,Mokokchung,2120,6425,8545,Low Volume Area
Nagaland,Mon,5267,8777,14044,Low Volume Area
Nagaland,Niuland,110,175,285,Low Volume Area
Nagaland,Noklak,227,520,747,Low Volume Area
Nagaland,Peren,1819,2765,4584,Low Volume Area
Nagaland,Phek,1620,7138,8758,Low Volume Area
Nagaland,Shamator,36,134,170,Low Volume Area
Nagaland,Tseminyu,53,133,186,Low Volume Area
Nagaland,Tuensang,2650,7058,9708,Low Volume Area
Nagaland,Wokha,1973,4954,6927,Low Volume Area
Nagaland,Zunheboto,1477,6486,7963,Low Volume Area
Odisha,Angul,32306,31749,64055,Standard Activity
Odisha,Anugal,0,4,4,Low Volume Area
Odisha,Anugul,494,1612,2106,Low Volume Area
Odisha,Balangir,48798,52248,101046,Standard Activity
Odisha,Baleshwar,6562,18274,24836,Low Volume Area
Odisha,Baleswar,60258,44416,104674,Standard Activity
Odisha,Bargarh,42130,39677,81807,Standard Activity
Odisha,Baudh,936,3909,4845,Low Volume Area
Odisha,Bhadrak,53061,44619,97680,Standard Activity
Odisha,Boudh,12444,11863,24307,Low Volume Area
Odisha,Cuttack,66530,74538,141068,Mega Hub (Top 20%)
Odisha,Debagarh,8408,7844,16252,Low Volume Area
Odisha,Dhenkanal,37852,39795,77647,Standard Activity
Odisha,Gajapati,30085,28923,59008,Standard Activity
Odisha,Ganjam,96263,92599,188862,Mega Hub (Top 20%)
Odisha,Jagatsinghapur,26341,22061,48402,Standard Activity
Odisha,Jagatsinghpur,2860,9233,12093,Low Volume Area
Odisha,Jajapur,28274,31839,60113,Standard Activity
Odisha,Jajpur,21076,15970,37046,Standard Activity
Odisha,Jharsuguda,13438,12418,25856,Low Volume Area
Odisha,Kalahandi,42857,52067,94924,Standard Activity
Odisha,Kandhamal,28794,31145,59939,Standard Activity
Odisha,Kendrapara,39572,38814,78386,Standard Activity
Odisha,Kendujhar,47423,54810,102233,Standard Activity
Odisha,Khorda,48461,45861,94322,Standard Activity
Odisha,Khordha,3540,19085,22625,Low Volume Area
Odisha,Koraput,47391,57820,105211,Standard Activity
Odisha,Malkangiri,27353,20883,48236,Standard Activity
Odisha,Mayurbhanj,77378,79607,156985,Mega Hub (Top 20%)
Odisha,Nabarangapur,45252,45334,90586,Standard Activity
Odisha,Nayagarh,30490,31542,62032,Standard Activity
Odisha,Nuapada,23106,23847,46953,Standard Activity
Odisha,Puri,37188,37735,74923,Standard Activity
Odisha,Rayagada,29681,30618,60299,Standard Activity
Odisha,Sambalpur,26688,25634,52322,Standard Activity
Odisha,Sonapur,15297,11028,26325,Low Volume Area
Odisha,Subarnapur,1914,4591,6505,Low Volume Area
Odisha,Sundargarh,3322,12865,16187,Low Volume Area
Odisha,Sundergarh,47566,46694,94260,Standard Activity
Puducherry,Cuddalore,0,6,6,Low Volume Area
Puducherry,Karaikal,5747,10499,16246,Low Volume Area
Puducherry,Pondicherry,5056,19715,24771,Low Volume Area
Puducherry,Puducherry,16187,12467,28654,Low Volume Area
Puducherry,Viluppuram,3,5,8,Low Volume Area
Puducherry,Yanam,53,170,223,Low Volume Area
Punjab,Amritsar,56802,98206,155008,Mega Hub (Top 20%)
Punjab,Barnala,16109,19430,35539,Standard Activity
Punjab,Bathinda,42639,54101,96740,Standard Activity
Punjab,Faridkot,15023,24389,39412,Standard Activity
Punjab,Fatehgarh Sahib,17318,20081,37399,Standard Activity
Punjab,Fazilka,29691,31704,61395,Standard Activity
Punjab,Ferozepur,24604,30726,55330,Standard Activity
Punjab,Firozpur,1965,9515,11480,Low Volume Area
Punjab,Gurdaspur,40136,79099,119235,Standard Activity
Punjab,Hoshiarpur,33856,58908,92764,Standard Activity
Punjab,Jalandhar,50422,90848,141270,Mega Hub (Top 20%)
Punjab,Kapurthala,18246,35857,54103,Standard Activity
Punjab,Ludhiana,81491,109436,190927,Mega Hub (Top 20%)
Punjab,Malerkotla,5712,8075,13787,Low Volume Area
Punjab,Mansa,22379,36660,59039,Standard Activity
Punjab,Moga,23084,38260,61344,Standard Activity
Punjab,Muktsar,923,7956,8879,Low Volume Area
Punjab,Nawanshahr,179,4010,4189,Low Volume Area
Punjab,Pathankot,12987,13609,26596,Low Volume Area
Punjab,Patiala,54972,64339,119311,Standard Activity
Punjab,Rupnagar,17432,28021,45453,Standard Activity
Punjab,Sangrur,37125,45345,82470,Standard Activity
Punjab,Sas Nagar Mohali,30755,27086,57841,Standard Activity
Punjab,Sas Nagarmohali,351,2384,2735,Low Volume Area
Punjab,Shaheed Bhagat Singh Nagar,13729,16771,30500,Low Volume Area
Punjab,Sri Muktsar Sahib,25553,30670,56223,Standard Activity
Punjab,Tarn Taran,26674,54028,80702,Standard Activity
Rajasthan,Ajmer,78270,63588,141858,Mega Hub (Top 20%)
Rajasthan,Alwar,124960,98489,223449,Mega Hub (Top 20%)
Rajasthan,Balotra,0,6,6,Low Volume Area
Rajasthan,Banswara,52757,40954,93711,Standard Activity
Rajasthan,Baran,41044,39212,80256,Standard Activity
Rajasthan,Barmer,114905,81860,196765,Mega Hub (Top 20%)
Rajasthan,Beawar,2,6,8,Low Volume Area
Rajasthan,Bharatpur,78011,63144,141155,Mega Hub (Top 20%)
Rajasthan,Bhilwara,63856,56163,120019,Standard Activity
Rajasthan,Bikaner,62218,68653,130871,Mega Hub (Top 20%)
Rajasthan,Bundi,32954,29903,62857,Standard Activity
Rajasthan,Chittaurgarh,569,1669,2238,Low Volume Area
Rajasthan,Chittorgarh,35481,27117,62598,Standard Activity
Rajasthan,Churu,67446,65778,133224,Mega Hub (Top 20%)
Rajasthan,Dausa,56018,50312,106330,Standard Activity
Rajasthan,Deeg,7,151,158,Low Volume Area
Rajasthan,Dhaulpur,117,283,400,Low Volume Area
Rajasthan,Dholpur,47710,26707,74417,Standard Activity
Rajasthan,Didwanakuchaman,1,7,8,Low Volume Area
Rajasthan,Dungarpur,51452,35106,86558,Standard Activity
Rajasthan,Ganganagar,46082,56446,102528,Standard Activity
Rajasthan,Hanumangarh,43250,53383,96633,Standard Activity
Rajasthan,Jaipur,158293,197591,355884,Mega Hub (Top 20%)
Rajasthan,Jaisalmer,25276,19701,44977,Standard Activity
Rajasthan,Jalor,51608,48178,99786,Standard Activity
Rajasthan,Jalore,3,17,20,Low Volume Area
Rajasthan,Jhalawar,42460,37652,80112,Standard Activity
Rajasthan,Jhunjhunu,541,1400,1941,Low Volume Area
Rajasthan,Jhunjhunun,48082,62310,110392,Standard Activity
Rajasthan,Jodhpur,114854,104179,219033,Mega Hub (Top 20%)
Rajasthan,Karauli,49784,31187,80971,Standard Activity
Rajasthan,Khairthaltijara,4,11,15,Low Volume Area
Rajasthan,Kota,47161,46193,93354,Standard Activity
Rajasthan,Kotputlibehror,1,6,7,Low Volume Area
Rajasthan,Nagaur,104709,100659,205368,Mega Hub (Top 20%)
Rajasthan,Pali,70502,85408,155910,Mega Hub (Top 20%)
Rajasthan,Phalodi,0,2,2,Low Volume Area
Rajasthan,Pratapgarh,32886,23401,56287,Standard Activity
Rajasthan,Rajsamand,33770,28192,61962,Standard Activity
Rajasthan,Salumbar,0,1,1,Low Volume Area
Rajasthan,Sawai Madhopur,42901,38521,81422,Standard Activity
Rajasthan,Sikar,73998,87615,161613,Mega Hub (Top 20%)
Rajasthan,Sirohi,35757,34393,70150,Standard Activity
Rajasthan,Tonk,41737,38186,79923,Standard Activity
Rajasthan,Udaipur,95310,84468,179778,Mega Hub (Top 20%)
Sikkim,East,2428,3095,5523,Low Volume Area
Sikkim,East Sikkim,2607,1482,4089,Low Volume Area
Sikkim,Namchi,0,5,5,Low Volume Area
Sikkim,North,152,155,307,Low Volume Area
Sikkim,North Sikkim,636,282,918,Low Volume Area
Sikkim,South,1018,2032,3050,Low Volume Area
Sikkim,South Sikkim,1299,754,2053,Low Volume Area
Sikkim,West,1530,2054,3584,Low Volume Area
Sikkim,West Sikkim,2262,1029,3291,Low Volume Area
Tamil Nadu,Ariyalur,31344,46129,77473,Standard Activity
Tamil Nadu,Chengalpattu,3965,2283,6248,Low Volume Area
Tamil Nadu,Chennai,112682,120349,233031,Mega Hub (Top 20%)
Tamil Nadu,Coimbatore,75352,144370,219722,Mega Hub (Top 20%)
Tamil Nadu,Cuddalore,90307,77798,168105,Mega Hub (Top 20%)
Tamil Nadu,Dharmapuri,67201,37657,104858,Standard Activity
Tamil Nadu,Dindigul,65029,121094,186123,Mega Hub (Top 20%)
Tamil Nadu,Erode,64193,83302,147495,Mega Hub (Top 20%)
Tamil Nadu,Kallakurichi,2550,2268,4818,Low Volume Area
Tamil Nadu,Kancheepuram,120462,113457,233919,Mega Hub (Top 20%)
Tamil Nadu,Kanchipuram,1,8,9,Low Volume Area
Tamil Nadu,Kanniyakumari,27515,41917,69432,Standard Activity
Tamil Nadu,Kanyakumari,21726,8022,29748,Low Volume Area
Tamil Nadu,Karur,27884,29923,57807,Standard Activity
Tamil Nadu,Krishnagiri,73365,47438,120803,Standard Activity
Tamil Nadu,Madurai,100202,113596,213798,Mega Hub (Top 20%)
Tamil Nadu,Mayiladuthurai,3442,867,4309,Low Volume Area
Tamil Nadu,Nagapattinam,35304,45373,80677,Standard Activity
Tamil Nadu,Namakkal,47020,73971,120991,Standard Activity
Tamil Nadu,Perambalur,25143,31894,57037,Standard Activity
Tamil Nadu,Pudukkottai,52246,78060,130306,Mega Hub (Top 20%)
Tamil Nadu,Ramanathapuram,45471,54948,100419,Standard Activity
Tamil Nadu,Ranipet,423,214,637,Low Volume Area
Tamil Nadu,Salem,118161,122483,240644,Mega Hub (Top 20%)
Tamil Nadu,Sivaganga,43566,51624,95190,Standard Activity
Tamil Nadu,Tenkasi,7560,2643,10203,Low Volume Area
Tamil Nadu,Thanjavur,71305,98262,169567,Mega Hub (Top 20%)
Tamil Nadu,The Nilgiris,22599,21505,44104,Standard Activity
Tamil Nadu,Theni,38916,47806,86722,Standard Activity
Tamil Nadu,Thiruvallur,939,1958,2897,Low Volume Area
Tamil Nadu,Thiruvarur,36203,36596,72799,Standard Activity
Tamil Nadu,Thoothukkudi,70728,69133,139861,Mega Hub (Top 20%)
Tamil Nadu,Tiruchirappalli,71253,122317,193570,Mega Hub (Top 20%)
Tamil Nadu,Tirunelveli,97249,117524,214773,Mega Hub (Top 20%)
Tamil Nadu,Tirupathur,50,9,59,Low Volume Area
Tamil Nadu,Tirupattur,8965,3146,12111,Low Volume Area
Tamil Nadu,Tiruppur,71207,77565,148772,Mega Hub (Top 20%)
Tamil Nadu,Tiruvallur,125834,111959,237793,Mega Hub (Top 20%)
Tamil Nadu,Tiruvannamalai,82696,58759,141455,Mega Hub (Top 20%)
Tamil Nadu,Tiruvarur,0,3,3,Low Volume Area
Tamil Nadu,Tuticorin,1,5,6,Low Volume Area
Tamil Nadu,Vellore,99121,92682,191803,Mega Hub (Top 20%)
Tamil Nadu,Villupuram,85898,35363,121261,Standard Activity
Tamil Nadu,Viluppuram,22410,63056,85466,Standard Activity
Tamil Nadu,Virudhunagar,59765,61529,121294,Standard Activity
Telangana,Adilabad,44923,35360,80283,Standard Activity
Telangana,Bhadradri Kothagudem,11882,9721,21603,Low Volume Area
Telangana,Hanumakonda,1831,7186,9017,Low Volume Area
Telangana,Hyderabad,133421,95120,228541,Mega Hub (Top 20%)
Telangana,Jagitial,6634,4111,10745,Low Volume Area
Telangana,Jangaon,128,152,280,Low Volume Area
Telangana,Jangoan,3951,3328,7279,Low Volume Area
Telangana,Jayashankar Bhupalpally,2077,2491,4568,Low Volume Area
Telangana,Jogulamba Gadwal,6006,5324,11330,Low Volume Area
Telangana,Kamareddy,7963,7278,15241,Low Volume Area
Telangana,Karimnagar,68569,67307,135876,Mega Hub (Top 20%)
Telangana,Khammam,44451,17719,62170,Standard Activity
Telangana,Komaram Bheem,4930,4747,9677,Low Volume Area
Telangana,Kv Rangareddy,122856,125725,248581,Mega Hub (Top 20%)
Telangana,Mahabubabad,5922,4258,10180,Low Volume Area
Telangana,Mahabubnagar,104613,90436,195049,Mega Hub (Top 20%)
Telangana,Mancherial,7258,5151,12409,Low Volume Area
Telangana,Medak,66461,60205,126666,Standard Activity
Telangana,Medchalmalkajgiri,17756,17843,35599,Standard Activity
Telangana,Mulugu,2353,3034,5387,Low Volume Area
Telangana,Nagarkurnool,7210,5244,12454,Low Volume Area
Telangana,Nalgonda,80121,57868,137989,Mega Hub (Top 20%)
Telangana,Narayanpet,2929,3358,6287,Low Volume Area
Telangana,Nirmal,6240,7084,13324,Low Volume Area
Telangana,Nizamabad,63114,54082,117196,Standard Activity
Telangana,Peddapalli,2370,4057,6427,Low Volume Area
Telangana,Rajanna Sircilla,4367,3718,8085,Low Volume Area
Telangana,Rangareddy,878,1908,2786,Low Volume Area
Telangana,Sangareddy,14012,8067,22079,Low Volume Area
Telangana,Siddipet,10041,6168,16209,Low Volume Area
Telangana,Suryapet,9015,11078,20093,Low Volume Area
Telangana,Vikarabad,7987,6236,14223,Low Volume Area
Telangana,Wanaparthy,4693,5281,9974,Low Volume Area
Telangana,Warangal,54305,37305,91610,Standard Activity
Telangana,Warangal Rural,3736,3433,7169,Low Volume Area
Telangana,Warangal Urban,4647,3947,8594,Low Volume Area
Telangana,Yadadri,6847,5827,12674,Low Volume Area
Tripura,Dhalai,21140,14475,35615,Standard Activity
Tripura,Gomati,11757,2945,14702,Low Volume Area
Tripura,Khowai,7029,2137,9166,Low Volume Area
Tripura,North Tripura,23177,24321,47498,Standard Activity
Tripura,Sepahijala,13756,5869,19625,Low Volume Area
Tripura,South Tripura,22883,34673,57556,Standard Activity
Tripura,Unakoti,11699,4034,15733,Low Volume Area
Tripura,West Tripura,36094,56166,92260,Standard Activity
Uttar Pradesh,Agra,152308,82740,235048,Mega Hub (Top 20%)
Uttar Pradesh,Aligarh,144160,55340,199500,Mega Hub (Top 20%)
Uttar Pradesh,Allahabad,177827,81083,258910,Mega Hub (Top 20%)
Uttar Pradesh,Ambedkar Nagar,53320,33900,87220,Standard Activity
Uttar Pradesh,Amethi,57942,35329,93271,Standard Activity
Uttar Pradesh,Amroha,64902,27770,92672,Standard Activity
Uttar Pradesh,Auraiya,43639,19543,63182,Standard Activity
Uttar Pradesh,Ayodhya,3617,3774,7391,Low Volume Area
Uttar Pradesh,Azamgarh,95316,78082,173398,Mega Hub (Top 20%)
Uttar Pradesh,Baghpat,37736,20293,58029,Standard Activity
Uttar Pradesh,Bagpat,2,6,8,Low Volume Area
Uttar Pradesh,Bahraich,131149,49929,181078,Mega Hub (Top 20%)
Uttar Pradesh,Ballia,77756,55249,133005,Mega Hub (Top 20%)
Uttar Pradesh,Balrampur,66623,35489,102112,Standard Activity
Uttar Pradesh,Banda,58396,34095,92491,Standard Activity
Uttar Pradesh,Bara Banki,114423,50819,165242,Mega Hub (Top 20%)
Uttar Pradesh,Barabanki,789,3435,4224,Low Volume Area
Uttar Pradesh,Bareilly,166397,68411,234808,Mega Hub (Top 20%)
Uttar Pradesh,Basti,69272,39929,109201,Standard Activity
Uttar Pradesh,Bhadohi,3621,2919,6540,Low Volume Area
Uttar Pradesh,Bijnor,143040,74008,217048,Mega Hub (Top 20%)
Uttar Pradesh,Budaun,77268,33050,110318,Standard Activity
Uttar Pradesh,Bulandshahar,61,159,220,Low Volume Area
Uttar Pradesh,Bulandshahr,133979,46853,180832,Mega Hub (Top 20%)
Uttar Pradesh,Chandauli,61634,28911,90545,Standard Activity
Uttar Pradesh,Chitrakoot,42495,20237,62732,Standard Activity
Uttar Pradesh,Deoria,78834,59779,138613,Mega Hub (Top 20%)
Uttar Pradesh,Etah,63551,23878,87429,Standard Activity
Uttar Pradesh,Etawah,51467,27628,79095,Standard Activity
Uttar Pradesh,Faizabad,65237,29679,94916,Standard Activity
Uttar Pradesh,Farrukhabad,55262,21934,77196,Standard Activity
Uttar Pradesh,Fatehpur,71340,46574,117914,Standard Activity
Uttar Pradesh,Firozabad,81603,32164,113767,Standard Activity
Uttar Pradesh,Gautam Buddha Nagar,49113,40328,89441,Standard Activity
Uttar Pradesh,Ghaziabad,103385,88637,192022,Mega Hub (Top 20%)
Uttar Pradesh,Ghazipur,91279,54413,145692,Mega Hub (Top 20%)
Uttar Pradesh,Gonda,99643,52432,152075,Mega Hub (Top 20%)
Uttar Pradesh,Gorakhpur,81386,96778,178164,Mega Hub (Top 20%)
Uttar Pradesh,Hamirpur,36831,17856,54687,Standard Activity
Uttar Pradesh,Hapur,39349,17406,56755,Standard Activity
Uttar Pradesh,Hardoi,150577,54520,205097,Mega Hub (Top 20%)
Uttar Pradesh,Hathras,60241,20163,80404,Standard Activity
Uttar Pradesh,Jalaun,46744,27938,74682,Standard Activity
Uttar Pradesh,Jaunpur,109148,73932,183080,Mega Hub (Top 20%)
Uttar Pradesh,Jhansi,68211,43794,112005,Standard Activity
Uttar Pradesh,Jyotiba Phule Nagar,20,157,177,Low Volume Area
Uttar Pradesh,Kannauj,49715,21938,71653,Standard Activity
Uttar Pradesh,Kanpur Dehat,53708,21918,75626,Standard Activity
Uttar Pradesh,Kanpur Nagar,92823,88615,181438,Mega Hub (Top 20%)
Uttar Pradesh,Kasganj,51039,23480,74519,Standard Activity
Uttar Pradesh,Kaushambi,74241,23354,97595,Standard Activity
Uttar Pradesh,Kheri,139638,50425,190063,Mega Hub (Top 20%)
Uttar Pradesh,Kushinagar,81363,66542,147905,Mega Hub (Top 20%)
Uttar Pradesh,Lalitpur,45154,30366,75520,Standard Activity
Uttar Pradesh,Lucknow,123838,93552,217390,Mega Hub (Top 20%)
Uttar Pradesh,Maharajganj,58855,44246,103101,Standard Activity
Uttar Pradesh,Mahoba,31178,15162,46340,Standard Activity
Uttar Pradesh,Mahrajganj,11,14,25,Low Volume Area
Uttar Pradesh,Mainpuri,47533,26258,73791,Standard Activity
Uttar Pradesh,Mathura,79993,39424,119417,Standard Activity
Uttar Pradesh,Mau,46911,40950,87861,Standard Activity
Uttar Pradesh,Meerut,109237,64415,173652,Mega Hub (Top 20%)
Uttar Pradesh,Mirzapur,73940,34252,108192,Standard Activity
Uttar Pradesh,Moradabad,101759,58715,160474,Mega Hub (Top 20%)
Uttar Pradesh,Muzaffarnagar,113738,56113,169851,Mega Hub (Top 20%)
Uttar Pradesh,Pilibhit,94560,41070,135630,Mega Hub (Top 20%)
Uttar Pradesh,Pratapgarh,78855,53105,131960,Mega Hub (Top 20%)
Uttar Pradesh,Prayagraj,10696,9527,20223,Low Volume Area
Uttar Pradesh,Rae Bareli,83330,45408,128738,Standard Activity
Uttar Pradesh,Raebareli,3,6,9,Low Volume Area
Uttar Pradesh,Rampur,83353,41589,124942,Standard Activity
Uttar Pradesh,Saharanpur,114742,75974,190716,Mega Hub (Top 20%)
Uttar Pradesh,Sambhal,78323,25024,103347,Standard Activity
Uttar Pradesh,Sant Kabir Nagar,53729,36811,90540,Standard Activity
Uttar Pradesh,Sant Ravidas Nagar,44701,23372,68073,Standard Activity
Uttar Pradesh,Sant Ravidas Nagar Bhadohi,47,63,110,Low Volume Area
Uttar Pradesh,Shahjahanpur,114767,39721,154488,Mega Hub (Top 20%)
Uttar Pradesh,Shamli,65022,38112,103134,Standard Activity
Uttar Pradesh,Shrawasti,35921,20643,56564,Standard Activity
Uttar Pradesh,Siddharthnagar,65033,42247,107280,Standard Activity
Uttar Pradesh,Sitapur,200310,64001,264311,Mega Hub (Top 20%)
Uttar Pradesh,Sonbhadra,72009,31746,103755,Standard Activity
Uttar Pradesh,Sultanpur,60800,37665,98465,Standard Activity
Uttar Pradesh,Unnao,92856,53534,146390,Mega Hub (Top 20%)
Uttar Pradesh,Varanasi,102481,79930,182411,Mega Hub (Top 20%)
Uttarakhand,Almora,16853,15556,32409,Standard Activity
Uttarakhand,Bageshwar,8018,13477,21495,Low Volume Area
Uttarakhand,Chamoli,13657,14745,28402,Low Volume Area
Uttarakhand,Champawat,11728,11486,23214,Low Volume Area
Uttarakhand,Dehradun,65769,63511,129280,Standard Activity
Uttarakhand,Garhwal,30,307,337,Low Volume Area
Uttarakhand,Hardwar,196,699,895,Low Volume Area
Uttarakhand,Haridwar,88084,46552,134636,Mega Hub (Top 20%)
Uttarakhand,Nainital,37930,31431,69361,Standard Activity
Uttarakhand,Pauri Garhwal,24167,19592,43759,Standard Activity
Uttarakhand,Pithoragarh,15610,14573,30183,Low Volume Area
Uttarakhand,Rudraprayag,11684,12494,24178,Low Volume Area
Uttarakhand,Tehri Garhwal,27362,29919,57281,Standard Activity
Uttarakhand,Udham Singh Nagar,89690,55177,144867,Mega Hub (Top 20%)
Uttarakhand,Uttarkashi,13663,10805,24468,Low Volume Area
West Bengal,Alipurduar,3735,3890,7625,Low Volume Area
West Bengal,Bally Jagachha,0,5,5,Low Volume Area
West Bengal,Bankura,53009,55040,108049,Standard Activity
West Bengal,Barddhaman,78501,102625,181126,Mega Hub (Top 20%)
West Bengal,Bardhaman,2974,11201,14175,Low Volume Area
West Bengal,Birbhum,47630,62564,110194,Standard Activity
West Bengal,Burdwan,1,4,5,Low Volume Area
West Bengal,Cooch Behar,20061,25103,45164,Standard Activity
West Bengal,Dakshin Dinajpur,21351,23308,44659,Standard Activity
West Bengal,Darjeeling,13781,26321,40102,Standard Activity
West Bengal,Darjiling,541,2045,2586,Low Volume Area
West Bengal,Domjur,0,3,3,Low Volume Area
West Bengal,East Midnapore,7722,18982,26704,Low Volume Area
West Bengal,East Midnapur,0,13,13,Low Volume Area
West Bengal,Haora,5290,22465,27755,Low Volume Area
West Bengal,Hawrah,3,10,13,Low Volume Area
West Bengal,Hooghiy,1,6,7,Low Volume Area
West Bengal,Hooghly,70358,90504,160862,Mega Hub (Top 20%)
West Bengal,Howrah,43107,56279,99386,Standard Activity
West Bengal,Hugli,97,342,439,Low Volume Area
West Bengal,Jalpaiguri,32134,48509,80643,Standard Activity
West Bengal,Jhargram,1747,2259,4006,Low Volume Area
West Bengal,Kalimpong,442,281,723,Low Volume Area
West Bengal,Koch Bihar,2719,10482,13201,Low Volume Area
West Bengal,Kolkata,26756,64256,91012,Standard Activity
West Bengal,Malda,38440,56919,95359,Standard Activity
West Bengal,Maldah,3369,10807,14176,Low Volume Area
West Bengal,Medinipur,24,51,75,Low Volume Area
West Bengal,Murshidabad,90308,128771,219079,Mega Hub (Top 20%)
West Bengal,Nadia,51700,76101,127801,Standard Activity
West Bengal,North 24 Parganas,96368,127542,223910,Mega Hub (Top 20%)
West Bengal,North Dinajpur,205,990,1195,Low Volume Area
West Bengal,North Twenty Four Parganas,2855,11798,14653,Low Volume Area
West Bengal,Paschim Bardhaman,3659,6446,10105,Low Volume Area
West Bengal,Paschim Medinipur,69346,79404,148750,Mega Hub (Top 20%)
West Bengal,Purba Bardhaman,5236,7609,12845,Low Volume Area
West Bengal,Purba Medinipur,61435,69921,131356,Mega Hub (Top 20%)
West Bengal,Purulia,979,2896,3875,Low Volume Area
West Bengal,Puruliya,36223,55873,92096,Standard Activity
West Bengal,South 24 Pargana,2,2,4,Low Volume Area
West Bengal,South 24 Parganas,102759,121873,224632,Mega Hub (Top 20%)
West Bengal,South Dinajpur,554,1571,2125,Low Volume Area
West Bengal,South Dumdumm,0,6,6,Low Volume Area
West Bengal,South Twenty Four Parganas,7977,25405,33382,Standard Activity
West Bengal,Uttar Dinajpur,32722,59034,91756,Standard Activity
West Bengal,West Medinipur,1,3,4,Low Volume Area
West Bengal,West Midnapore,4390,14588,18978,Low Volume Area
